--liquibase formatted sql
--changeset Przemyslaw:1 labels:init,data

INSERT INTO role (role_name)
VALUES ('STUDENT');
INSERT INTO role (role_name)
VALUES ('TEACHER');
INSERT INTO role (role_name)
VALUES ('MANAGER');
INSERT INTO role (role_name)
VALUES ('OWNER');

INSERT INTO price_list (creation_date, start_date)
VALUES ('2023-01-15', '2023-02-01'),
       ('2023-03-10', '2023-04-01'),
       ('2023-05-05', '2023-06-01'),
       ('2023-07-20', '2023-08-01'),
       ('2023-09-10', '2023-10-01');

INSERT INTO website_user
(user_id, username, password, first_name, last_name, gender, email, phone, hourly_rate, level_id, guardian_phone,
 guardian_email, price_list_id, discount_percentage, is_cash_payment, issue_invoice)
VALUES (10000, 'jnowak', '$2a$10$o9OcOIN.1bmooaFQJ.1PAOyZxHBA9IXo8qj2dECXrj8Vk9YpvxstO', 'Jan', 'Nowak', 'M',
        'j.nowak@example.com', '+48123456789', NULL, 'PRIMARY', '+48987654324', 'p.nowak@example.com', 1, 10, TRUE,
        TRUE),
       (10001, 'awisniewska', '$2a$10$o9OcOIN.1bmooaFQJ.1PAOyZxHBA9IXo8qj2dECXrj8Vk9YpvxstO', 'Anna', 'Wiśniewska', 'F',
        'a.wisniewska@example.com', '+48987654321', NULL, 'HIGH_SCHOOL', '+48123456890', 'b.wisniewska@example.com', 2,
        5, FALSE, FALSE),
       (10002, 'pkowalski', '$2a$10$o9OcOIN.1bmooaFQJ.1PAOyZxHBA9IXo8qj2dECXrj8Vk9YpvxstO', 'Piotr', 'Kowalski', 'M',
        'p.kowalski@example.com', '+48876543210', NULL, 'HIGH_SCHOOL', NULL, NULL, 1, 15, TRUE, TRUE),
       (10003, 'mlewandowski', '$2a$10$o9OcOIN.1bmooaFQJ.1PAOyZxHBA9IXo8qj2dECXrj8Vk9YpvxstO', 'Marek', 'Lewandowski',
        'M', 'm.lewandowski@example.com', '+48765432109', NULL, 'TERTIARY', NULL, NULL, 3, 20, FALSE, TRUE),
       (10004, 'bborkowska', '$2a$10$o9OcOIN.1bmooaFQJ.1PAOyZxHBA9IXo8qj2dECXrj8Vk9YpvxstO', 'Barbara', 'Borkowska',
        'F', 'b.borkowska@example.com', '+48765432101', NULL, 'PRIMARY', '+48123456788', 'a.borkowski@example.com', 1,
        5, TRUE, TRUE),
       (10005, 'mkowalska', '$2a$10$o9OcOIN.1bmooaFQJ.1PAOyZxHBA9IXo8qj2dECXrj8Vk9YpvxstO', 'Maria', 'Kowalska', 'F',
        'm.kowalska@example.com', '+48123456790', NULL, 'PRIMARY', '+48987254323', 'm.kowalska2@example.com', 1, 10,
        FALSE, FALSE),
       (10006, 'pgrzesiak', '$2a$10$o9OcOIN.1bmooaFQJ.1PAOyZxHBA9IXo8qj2dECXrj8Vk9YpvxstO', 'Piotr', 'Grzesiak', 'M',
        'p.grzesiak@example.com', '+48765432110', NULL, 'HIGH_SCHOOL', NULL, NULL, 2, 7, TRUE, TRUE),
       (10007, 'ekaliszewska', '$2a$10$o9OcOIN.1bmooaFQJ.1PAOyZxHBA9IXo8qj2dECXrj8Vk9YpvxstO', 'Ewa Maria',
        'Kaliszewska', 'F', 'e.kaliszewska@example.com', '+48876543212', NULL, 'HIGH_SCHOOL', '+48123456891',
        'e.wojcik@example.com', 2, 12, FALSE, TRUE),
       (10008, 'snowak', '$2a$10$o9OcOIN.1bmooaFQJ.1PAOyZxHBA9IXo8qj2dECXrj8Vk9YpvxstO', 'Sławomir', 'Nowak', 'M',
        's.nowak@example.com', '+48123456892', NULL, 'TERTIARY', '+48987654323', 's.nowak@example.com', 3, 20, TRUE,
        FALSE),
       (10009, 'kwojcik', '$2a$10$o9OcOIN.1bmooaFQJ.1PAOyZxHBA9IXo8qj2dECXrj8Vk9YpvxstO', 'Krzysztof', 'Wójcik', 'M',
        'k.wojcik@example.com', '+48765432111', NULL, 'TERTIARY', NULL, NULL, 3, 18, TRUE, TRUE),
       (10010, 'mzielinski', '$2a$10$o9OcOIN.1bmooaFQJ.1PAOyZxHBA9IXo8qj2dECXrj8Vk9YpvxstO', 'Michał', 'Zieliński', 'M',
        'm.zielinski@example.com', '+48123456893', NULL, 'PRIMARY', '+48987654325', 'm.zielinski@example.com', 1, 15,
        FALSE, FALSE),
       (1000, 'ekowalczyk', '$2a$10$o9OcOIN.1bmooaFQJ.1PAOyZxHBA9IXo8qj2dECXrj8Vk9YpvxstO', 'Ewa', 'Kowalczyk', 'F',
        'e.kowalczyk@example.com', '+48654321098', 48.00, NULL, NULL, NULL, NULL, NULL, NULL, NULL),
       (1001, 'kzielinska', '$2a$10$o9OcOIN.1bmooaFQJ.1PAOyZxHBA9IXo8qj2dECXrj8Vk9YpvxstO', 'Katarzyna', 'Zielińska',
        'F', 'k.zielinska@example.com', '+48678901234', 52.00, NULL, NULL, NULL, NULL, NULL, NULL, NULL),
       (1002, 'mpietrzak', '$2a$10$o9OcOIN.1bmooaFQJ.1PAOyZxHBA9IXo8qj2dECXrj8Vk9YpvxstO', 'Michał', 'Pietrzak', 'M',
        'm.pietrzak@example.com', '+48567890123', 47.00, NULL, NULL, NULL, NULL, NULL, NULL, NULL),
       (1003, 'jgorska', '$2a$10$o9OcOIN.1bmooaFQJ.1PAOyZxHBA9IXo8qj2dECXrj8Vk9YpvxstO', 'Joanna', 'Górska', 'F',
        'j.gorska@example.com', '+48789012345', 54.00, NULL, NULL, NULL, NULL, NULL, TRUE, FALSE),
       (1004, 'rnowicka', '$2a$10$o9OcOIN.1bmooaFQJ.1PAOyZxHBA9IXo8qj2dECXrj8Vk9YpvxstO', 'Renata', 'Nowicka', 'F',
        'r.nowicka@example.com', '+48901234567', 60.00, NULL, NULL, NULL, NULL, NULL, NULL, NULL),
       (100, 'adobosz', '$2a$10$o9OcOIN.1bmooaFQJ.1PAOyZxHBA9IXo8qj2dECXrj8Vk9YpvxstO', 'Adam', 'Dobosz', 'M',
        'a.dobosz@example.com', '+48432109876', NULL, NULL, NULL, NULL, NULL, NULL, NULL, NULL);

INSERT INTO user_role (user_id, role_id)
VALUES (10000, 1),
       (10001, 1),
       (10002, 1),
       (10003, 1),
       (10004, 1),
       (10005, 1),
       (10006, 1),
       (10007, 1),
       (10008, 1),
       (10009, 1),
       (10010, 1),
       (1000, 2),
       (1001, 2),
       (1002, 2),
       (1003, 2),
       (1004, 2),
       (100, 3);

INSERT INTO subject (subject_name)
VALUES ('Matematyka'),
       ('Fizyka'),
       ('Język Polski'),
       ('Język Angielski'),
       ('Język Niemiecki'),
       ('Język Hiszpański'),
       ('Język Francuski'),
       ('Biologia'),
       ('Chemia'),
       ('Geografia'),
       ('Historia'),
       ('Wiedza o społeczeństwie'),
       ('Informatyka'),
       ('Plastyka'),
       ('Muzyka'),
       ('WOS (Wiedza o społeczeństwie)');

INSERT INTO teacher_subject (teacher_id, subject_id)
VALUES (1000, 1),
       (1000, 2),
       (1001, 3),
       (1001, 4),
       (1002, 6),
       (1003, 8),
       (1003, 9),
       (1003, 10),
       (1004, 5);

--changeset Przemyslaw:2 labels:init,data
INSERT INTO room (room_id, building, floor, room_number)
VALUES (1, 'Budynek A - ul. Nadrzeczna 21', 1, 101),
       (2, 'Budynek A - ul. Nadrzeczna 21', 1, 102),
       (3, 'Budynek A - ul. Nadrzeczna 21', 1, 103),
       (4, 'Budynek A - ul. Nadrzeczna 21', 1, 104),
       (5, 'Budynek A - ul. Nadrzeczna 21', 1, 105),
       (6, 'Budynek A - ul. Nadrzeczna 21', 1, 106),
       (7, 'Budynek A - ul. Nadrzeczna 21', 1, 107),
       (8, 'Budynek A - ul. Nadrzeczna 21', 1, 108),
       (9, 'Budynek A - ul. Nadrzeczna 21', 1, 109),
       (10, 'Budynek A - ul. Nadrzeczna 21', 2, 201),
       (11, 'Budynek A - ul. Nadrzeczna 21', 2, 202),
       (12, 'Budynek A - ul. Nadrzeczna 21', 2, 203),
       (13, 'Budynek A - ul. Nadrzeczna 21', 2, 204),
       (14, 'Budynek A - ul. Nadrzeczna 21', 2, 205),
       (15, 'Budynek A - ul. Nadrzeczna 21', 2, 206),
       (16, 'Budynek A - ul. Nadrzeczna 21', 2, 207),
       (17, 'Budynek A - ul. Nadrzeczna 21', 2, 208),
       (18, 'Budynek A - ul. Nadrzeczna 21', 2, 209),
       (19, 'Budynek A - ul. Nadrzeczna 21', 2, 210),
       (20, 'Budynek A - ul. Nadrzeczna 21', 3, 301),
       (21, 'Budynek A - ul. Nadrzeczna 21', 3, 302),
       (22, 'Budynek A - ul. Nadrzeczna 21', 3, 303),
       (23, 'Budynek B - ul. Poznańska 77', 1, 11),
       (24, 'Budynek B - ul. Poznańska 77', 1, 13),
       (25, 'Budynek B - ul. Poznańska 77', 1, 15),
       (26, 'Budynek B - ul. Poznańska 77', 1, 17),
       (27, 'Budynek B - ul. Poznańska 77', 1, 19),
       (28, 'Budynek B - ul. Poznańska 77', 2, 21),
       (29, 'Budynek B - ul. Poznańska 77', 2, 23),
       (30, 'Budynek B - ul. Poznańska 77', 2, 25),
       (31, 'Budynek B - ul. Poznańska 77', 2, 27),
       (32, 'Budynek B - ul. Poznańska 77', 2, 28);

INSERT INTO room_reservation (room_id, teacher_id, reservation_from, reservation_to)
VALUES (1, 1000, '2025-01-27 08:00:00', '2025-01-27 10:00:00'),
       (2, 1001, '2025-01-27 09:00:00', '2025-01-27 11:00:00'),
       (3, 1002, '2025-01-28 10:00:00', '2025-01-28 12:00:00'),
       (4, 1003, '2025-01-28 11:00:00', '2025-01-28 13:00:00'),
       (5, 1000, '2025-01-29 14:00:00', '2025-01-29 16:00:00'),
       (6, 1001, '2025-01-29 15:00:00', '2025-01-29 17:00:00'),
       (7, 1002, '2025-01-30 09:00:00', '2025-01-30 11:00:00'),
       (8, 1003, '2025-01-30 10:00:00', '2025-01-30 12:00:00'),
       (9, 1004, '2025-01-01 08:00:00', '2025-01-01 10:00:00'),
       (10, 1000, '2025-01-01 09:00:00', '2025-01-01 11:00:00');

--changeset Przemyslaw:3 labels:init,data
INSERT INTO tutoring_class (teacher_id, subject_id, class_name, is_completed)
VALUES (1000, 1, 'Matematyka z Janem pt', false),
       (1000, 2, 'Fizyka z Janem pt', false),
       (1000, 1, 'Matematyka gr.1 pon', false),
       (1001, 3, 'Ang z Janem', false),
       (1003, 9, 'Chemia Ewa', false),
       (1000, 1, 'Matematyka z Marią wt', false),
       (1000, 1, 'Matematyka gr.1 pon', false),
       (1000, 1, 'Matematyka z Piotrem i Darią', false);

INSERT INTO course (course_name, price, max_participants, start_date, is_open_for_registration, tutoring_class_id,
                    is_done, description)
VALUES ('Kurs przygotowawczy do matury z Matematyki', 499.99, 20, '2025-01-15', TRUE, NULL, FALSE,
        '<p>Ten kurs przygotowawczy do matury z matematyki jest idealny dla uczniów, którzy chcą solidnie przygotować się do egzaminu maturalnego. Na zajęciach omówimy kluczowe zagadnienia maturalne, w tym rachunek różniczkowy, algebra, geometria oraz rachunek prawdopodobieństwa.</p><p>Kurs obejmuje także liczne ćwiczenia i testy maturalne, które pomogą Ci oswoić się z formatem egzaminu i zwiększyć pewność siebie przed maturą.</p>'),
       ('Kurs przygotowawczy do matury z Języka Angielskiego', 799.00, 15, '2025-02-01', TRUE, NULL, FALSE,
        '<p>Rozwiń swoje umiejętności językowe i przygotuj się do matury z języka angielskiego. Kurs obejmuje zaawansowaną gramatykę, rozbudowane słownictwo oraz umiejętności mówienia i pisania, które są kluczowe na egzaminie maturalnym.</p><p>Zajęcia będą prowadzone w formie intensywnych lekcji, a także praktycznych testów maturalnych, które pomogą Ci sprawdzić swoją gotowość do matury.</p>'),
       ('Kurs przygotowawczy do matury z Języka Niemieckiego', 599.50, 25, '2025-03-10', TRUE, NULL, FALSE,
        '<p>Przygotuj się do matury z języka niemieckiego dzięki temu kursowi. Nauczysz się nie tylko gramatyki, ale także słownictwa oraz umiejętności konwersacyjnych, które pomogą Ci zdać maturę na wysokim poziomie.</p><p>Kurs obejmuje ćwiczenia maturalne z zakresu czytania, pisania i słuchania, a także regularne testy, które pozwolą Ci monitorować postępy.</p>'),
       ('Kurs wyrównawczy z Chemii', 349.99, 10, '2024-01-20', FALSE, NULL, TRUE,
        '<p>Odkryj podstawy chemii w tym kursie wyrównawczym, który pomoże Ci nadrobić zaległości z tego przedmiotu. Nauczysz się o reakcjach chemicznych, podstawowych zasadach, prawach gazów oraz organizmach żywych.</p><p>Warsztaty obejmują eksperymenty chemiczne i ćwiczenia, które pomogą Ci zrozumieć najważniejsze zagadnienia chemiczne, które są podstawą do matury.</p>'),
       ('Kurs wyrównawczy z Biologii', 299.00, 12, '2025-02-15', TRUE, NULL, FALSE,
        '<p>Ten kurs wyrównawczy z biologii pomoże Ci nadrobić materiały z zakresu anatomii, fizjologii, ekologii i biologii komórkowej. Kurs jest idealny dla uczniów, którzy chcą lepiej zrozumieć zagadnienia biologiczne, które pojawią się na maturze.</p><p>Podczas kursu będziesz rozwiązywać zadania maturalne, które umożliwią Ci efektywne przygotowanie się do egzaminu.</p>'),
       ('Kurs przygotowawczy do matury z Geografii', 899.99, 30, '2025-04-05', FALSE, NULL, FALSE,
        '<p>Przygotuj się do matury z geografii z naszym kompleksowym kursem. Kurs obejmuje takie zagadnienia jak geografia fizyczna, społeczno-ekonomiczna, klimatologia, oraz zagadnienia związane z mapami i geografią polityczną.</p><p>W trakcie kursu będziesz rozwiązywać ćwiczenia maturalne, co pomoże Ci przyswoić materiał i skutecznie przygotować się do matury.</p>'),
       ('Kurs przygotowawczy do matury z Historii', 649.50, 18, '2025-03-22', TRUE, NULL, FALSE,
        '<p>Ten kurs przygotowawczy do matury z historii pomoże Ci zrozumieć kluczowe wydarzenia historyczne i ich wpływ na współczesny świat. Kurs obejmuje historię starożytną, średniowieczną, nowożytną oraz współczesną.</p><p>Podczas kursu będziesz rozwiązywać testy maturalne oraz analizować różne wydarzenia historyczne, co pomoże Ci lepiej przygotować się do matury.</p>'),
       ('Kurs przygotowawczy do matury z Informatyki', 399.00, 20, '2025-01-30', FALSE, NULL, TRUE,
        '<p>Odwiedź nasz kurs przygotowawczy do matury z informatyki, gdzie nauczysz się kluczowych zagadnień, takich jak algorytmy, struktury danych, programowanie, oraz systemy komputerowe. Kurs obejmuje również rozwiązywanie testów maturalnych z informatyki.</p><p>Kurs pomoże Ci przygotować się do matury na poziomie podstawowym i rozszerzonym.</p>'),
       ('Kurs przygotowawczy do matury z Wiedzy o Społeczeństwie', 499.99, 25, '2025-02-28', TRUE, NULL, FALSE,
        '<p>Przygotuj się do matury z wiedzy o społeczeństwie, który pomoże Ci zrozumieć mechanizmy społeczne, prawa człowieka, politykę, demokrację oraz zagadnienia związane z życiem społecznym.</p><p>Kurs obejmuje ćwiczenia maturalne, które pomogą Ci w efektywnym przyswajaniu wiedzy i przygotowaniu się do matury.</p>');

INSERT INTO student_course(student_id, course_id)
VALUES (10000, 1),
       (10001, 1),
       (10002, 1),
       (10000, 2),
       (10001, 2),
       (10000, 4),
       (10003, 3),
       (10004, 3),
       (10003, 6),
       (10005, 6),
       (10006, 5),
       (10007, 5),
       (10006, 7),
       (10007, 7),
       (10008, 8),
       (10009, 8),
       (10008, 9),
       (10010, 9);

--changeset Przemyslaw:4 labels:init,data
INSERT INTO request (student_id, subject_id, repeat_until, prefers_individual, prefers_location, issue_date,
                     acceptance_date, teacher_id, class_id)
VALUES (10002, 1, '2025-06-23', true, 'ONLINE', '2025-01-20', null, null, null),
       (10002, 2, '2025-05-22', true, 'ONLINE', '2025-01-20', null, null, null),
       (10002, 3, '2025-06-19', false, 'INDIVIDUAL', '2025-01-21', null, null, null),
       (10003, 1, '2025-04-22', true, 'NONE', '2025-01-21', null, null, null),
       (10000, 4, '2025-06-24', true, 'NONE', '2025-01-22', null, null, null),
       (10000, 6, null, true, 'NONE', '2025-01-22', null, null, null),
       (10001, 5, '2025-03-27', true, 'ONLINE', '2025-01-22', null, null, null),
       (10001, 6, null, false, 'NONE', '2025-01-22', null, null, null),
       (10000, 2, '2025-06-24', false, 'ONLINE', '2024-12-04', '2024-12-05', 1000, 1),
       (10002, 6, null, false, 'NONE', '2025-01-24', null, null, null),
       (10005, 1, '2025-06-24', true, 'ONLINE', '2025-01-24', null, null, null),
       (10002, 1, '2025-06-23', true, 'ONLINE', '2025-01-20', null, null, null),
       (10002, 2, '2025-05-22', true, 'ONLINE', '2025-01-20', null, null, null),
       (10002, 3, '2025-06-19', false, 'INDIVIDUAL', '2025-01-21', null, null, null),
       (10003, 1, '2025-04-22', true, 'NONE', '2025-01-21', null, null, null),
       (10010, 4, '2025-06-24', true, 'NONE', '2025-01-22', null, null, null),
       (10009, 6, null, true, 'NONE', '2025-01-22', null, null, null),
       (10001, 5, '2025-03-27', true, 'ONLINE', '2025-01-22', null, null, null),
       (10001, 6, null, false, 'NONE', '2025-01-22', null, null, null),
       (10005, 2, null, false, 'ONLINE', '2025-01-23', null, null, null),
       (10002, 6, null, false, 'NONE', '2025-01-24', null, null, null),
       (10000, 1, '2025-06-24', true, 'ONLINE', '2024-12-04', '2024-12-05', 1000, 1),
       (10007, 9, '2025-06-24', true, 'ONLINE', '2025-01-25', '2025-01-25', 1003, 5),
       (10001, 1, '2025-03-24', true, 'ONLINE', '2024-12-05', '2024-12-05', 1000, 1);

INSERT INTO student_class (student_id, class_id)
VALUES (10001, 3),
       (10000, 1),
       (10000, 2),
       (10000, 4),
       (10007, 5),
       (10004, 7),
       (10007, 5),
       (10007, 7),
       (10006, 8),
       (10005, 6),
       (10005, 7),
       (10005, 8);

INSERT INTO class_schedule (class_id, room_id, class_date_from, class_date_to, is_online, is_completed, is_canceled)
VALUES (1, null, '2024-12-06 11:00:00.000', '2024-12-06 12:00:00.000', true, false, false),
       (1, null, '2024-12-13 11:00:00.000', '2024-12-13 12:00:00.000', true, false, false),
       (1, null, '2024-12-20 11:00:00.000', '2024-12-20 12:00:00.000', true, false, false),
       (1, null, '2024-12-27 11:00:00.000', '2024-12-27 12:00:00.000', true, false, false),
       (1, null, '2025-01-03 11:00:00.000', '2025-01-03 12:00:00.000', true, false, false),
       (1, null, '2025-01-10 11:00:00.000', '2025-01-10 12:00:00.000', true, false, false),
       (1, null, '2025-01-17 11:00:00.000', '2025-01-17 12:00:00.000', true, false, false),
       (1, null, '2025-01-24 11:00:00.000', '2025-01-24 12:00:00.000', true, false, false),
       (1, null, '2025-01-31 11:00:00.000', '2025-01-31 12:00:00.000', true, false, false),
       (1, null, '2025-02-07 11:00:00.000', '2025-02-07 12:00:00.000', true, false, false),
       (1, null, '2025-02-14 11:00:00.000', '2025-02-14 12:00:00.000', true, false, false),
       (1, null, '2025-02-21 11:00:00.000', '2025-02-21 12:00:00.000', true, false, false),
       (1, null, '2025-02-28 11:00:00.000', '2025-02-28 12:00:00.000', true, false, false),
       (1, null, '2025-03-07 11:00:00.000', '2025-03-07 12:00:00.000', true, false, false),
       (1, null, '2025-03-14 11:00:00.000', '2025-03-14 12:00:00.000', true, false, false),
       (1, null, '2025-03-21 11:00:00.000', '2025-03-21 12:00:00.000', true, false, false),
       (1, null, '2025-03-28 11:00:00.000', '2025-03-28 12:00:00.000', true, false, false),
       (1, null, '2025-04-04 11:00:00.000', '2025-04-04 12:00:00.000', true, false, false),
       (1, null, '2025-04-11 11:00:00.000', '2025-04-11 12:00:00.000', true, false, false),
       (1, null, '2025-04-18 11:00:00.000', '2025-04-18 12:00:00.000', true, false, false),
       (1, null, '2025-04-25 11:00:00.000', '2025-04-25 12:00:00.000', true, false, false),
       (1, null, '2025-05-02 11:00:00.000', '2025-05-02 12:00:00.000', true, false, false),
       (1, null, '2025-05-09 11:00:00.000', '2025-05-09 12:00:00.000', true, false, false),
       (1, null, '2025-05-16 11:00:00.000', '2025-05-16 12:00:00.000', true, false, false),
       (1, null, '2025-05-23 11:00:00.000', '2025-05-23 12:00:00.000', true, false, false),
       (1, null, '2025-05-30 11:00:00.000', '2025-05-30 12:00:00.000', true, false, false),
       (1, null, '2025-06-06 11:00:00.000', '2025-06-06 12:00:00.000', true, false, false),
       (1, null, '2025-06-13 11:00:00.000', '2025-06-13 12:00:00.000', true, false, false),
       (1, null, '2025-06-20 11:00:00.000', '2025-06-20 12:00:00.000', true, false, false),
       (2, null, '2024-12-06 12:15:00.000', '2024-12-06 13:15:00.000', true, false, false),
       (2, null, '2024-12-13 12:15:00.000', '2024-12-13 13:15:00.000', true, false, false),
       (2, null, '2024-12-20 12:15:00.000', '2024-12-20 13:15:00.000', true, false, false),
       (2, null, '2024-12-27 12:15:00.000', '2024-12-27 13:15:00.000', true, false, false),
       (2, null, '2025-01-03 12:15:00.000', '2025-01-03 13:15:00.000', true, false, false),
       (2, null, '2025-01-10 12:15:00.000', '2025-01-10 13:15:00.000', true, false, false),
       (2, null, '2025-01-17 12:15:00.000', '2025-01-17 13:15:00.000', true, false, false),
       (2, null, '2025-01-24 12:15:00.000', '2025-01-24 13:15:00.000', true, false, false),
       (2, null, '2025-01-31 12:15:00.000', '2025-01-31 13:15:00.000', true, false, false),
       (2, null, '2025-02-07 12:15:00.000', '2025-02-07 13:15:00.000', true, false, false),
       (2, null, '2025-02-14 12:15:00.000', '2025-02-14 13:15:00.000', true, false, false),
       (2, null, '2025-02-21 12:15:00.000', '2025-02-21 13:15:00.000', true, false, false),
       (2, null, '2025-02-28 12:15:00.000', '2025-02-28 13:15:00.000', true, false, false),
       (2, null, '2025-03-07 12:15:00.000', '2025-03-07 13:15:00.000', true, false, false),
       (2, null, '2025-03-14 12:15:00.000', '2025-03-14 13:15:00.000', true, false, false),
       (2, null, '2025-03-21 12:15:00.000', '2025-03-21 13:15:00.000', true, false, false),
       (2, null, '2025-03-28 12:15:00.000', '2025-03-28 13:15:00.000', true, false, false),
       (2, null, '2025-04-04 12:15:00.000', '2025-04-04 13:15:00.000', true, false, false),
       (2, null, '2025-04-11 12:15:00.000', '2025-04-11 13:15:00.000', true, false, false),
       (2, null, '2025-04-18 12:15:00.000', '2025-04-18 13:15:00.000', true, false, false),
       (2, null, '2025-04-25 12:15:00.000', '2025-04-25 13:15:00.000', true, false, false),
       (2, null, '2025-05-02 12:15:00.000', '2025-05-02 13:15:00.000', true, false, false),
       (2, null, '2025-05-09 12:15:00.000', '2025-05-09 13:15:00.000', true, false, false),
       (2, null, '2025-05-16 12:15:00.000', '2025-05-16 13:15:00.000', true, false, false),
       (3, null, '2024-12-09 18:00:00.000', '2024-12-09 20:00:00.000', false, true, false),
       (3, null, '2024-12-16 18:00:00.000', '2024-12-16 20:00:00.000', false, true, false),
       (3, null, '2024-12-23 18:00:00.000', '2024-12-23 20:00:00.000', false, true, false),
       (3, null, '2024-12-30 18:00:00.000', '2024-12-30 20:00:00.000', false, true, false),
       (3, null, '2025-01-06 18:00:00.000', '2025-01-06 20:00:00.000', false, true, false),
       (3, null, '2025-01-13 18:00:00.000', '2025-01-13 20:00:00.000', false, true, false),
       (3, null, '2025-01-20 18:00:00.000', '2025-01-20 20:00:00.000', false, false, false),
       (4, null, '2024-12-10 15:30:00.000', '2024-12-10 17:30:00.000', true, false, false),
       (4, null, '2024-12-17 15:30:00.000', '2024-12-17 17:30:00.000', true, false, false),
       (4, null, '2024-12-24 15:30:00.000', '2024-12-24 17:30:00.000', true, false, false),
       (4, null, '2024-12-31 15:30:00.000', '2024-12-31 17:30:00.000', true, false, false),
       (4, null, '2025-01-07 15:30:00.000', '2025-01-07 17:30:00.000', true, false, false),
       (4, null, '2025-01-14 15:30:00.000', '2025-01-14 17:30:00.000', true, false, false),
       (4, null, '2025-01-21 15:30:00.000', '2025-01-21 17:30:00.000', true, false, false),
       (4, null, '2025-01-28 15:30:00.000', '2025-01-28 17:30:00.000', true, false, false),
       (4, null, '2025-02-04 15:30:00.000', '2025-02-04 17:30:00.000', true, false, false),
       (4, null, '2025-02-11 15:30:00.000', '2025-02-11 17:30:00.000', true, false, false),
       (4, null, '2025-02-18 15:30:00.000', '2025-02-18 17:30:00.000', true, false, false),
       (4, null, '2025-02-25 15:30:00.000', '2025-02-25 17:30:00.000', true, false, false),
       (4, null, '2025-03-04 15:30:00.000', '2025-03-04 17:30:00.000', true, false, false),
       (4, null, '2025-03-11 15:30:00.000', '2025-03-11 17:30:00.000', true, false, false),
       (4, null, '2025-03-18 15:30:00.000', '2025-03-18 17:30:00.000', true, false, false),
       (4, null, '2025-03-25 15:30:00.000', '2025-03-25 17:30:00.000', true, false, false),
       (4, null, '2025-04-01 15:30:00.000', '2025-04-01 17:30:00.000', true, false, false),
       (4, null, '2025-04-08 15:30:00.000', '2025-04-08 17:30:00.000', true, false, false),
       (4, null, '2025-04-15 15:30:00.000', '2025-04-15 17:30:00.000', true, false, false),
       (4, null, '2025-04-22 15:30:00.000', '2025-04-22 17:30:00.000', true, false, false),
       (4, null, '2025-04-29 15:30:00.000', '2025-04-29 17:30:00.000', true, false, false),
       (4, null, '2025-05-06 15:30:00.000', '2025-05-06 17:30:00.000', true, false, false),
       (4, null, '2025-05-13 15:30:00.000', '2025-05-13 17:30:00.000', true, false, false),
       (4, null, '2025-05-20 15:30:00.000', '2025-05-20 17:30:00.000', true, false, false),
       (4, null, '2025-05-27 15:30:00.000', '2025-05-27 17:30:00.000', true, false, false),
       (4, null, '2025-06-03 15:30:00.000', '2025-06-03 17:30:00.000', true, false, false),
       (4, null, '2025-06-10 15:30:00.000', '2025-06-10 17:30:00.000', true, false, false),
       (4, null, '2025-06-17 15:30:00.000', '2025-06-17 17:30:00.000', true, false, false),
       (5, null, '2025-02-01 17:00:00.000', '2025-02-01 18:00:00.000', true, false, false),
       (5, null, '2025-02-08 17:00:00.000', '2025-02-08 18:00:00.000', true, false, false),
       (5, null, '2025-02-15 17:00:00.000', '2025-02-15 18:00:00.000', true, false, false),
       (5, null, '2025-02-22 17:00:00.000', '2025-02-22 18:00:00.000', true, false, false),
       (5, null, '2025-03-01 17:00:00.000', '2025-03-01 18:00:00.000', true, false, false),
       (5, null, '2025-03-08 17:00:00.000', '2025-03-08 18:00:00.000', true, false, false),
       (5, null, '2025-03-15 17:00:00.000', '2025-03-15 18:00:00.000', true, false, false),
       (5, null, '2025-03-22 17:00:00.000', '2025-03-22 18:00:00.000', true, false, false),
       (5, null, '2025-03-29 17:00:00.000', '2025-03-29 18:00:00.000', true, false, false),
       (5, null, '2025-04-05 17:00:00.000', '2025-04-05 18:00:00.000', true, false, false),
       (5, null, '2025-04-12 17:00:00.000', '2025-04-12 18:00:00.000', true, false, false),
       (5, null, '2025-04-19 17:00:00.000', '2025-04-19 18:00:00.000', true, false, false),
       (5, null, '2025-04-26 17:00:00.000', '2025-04-26 18:00:00.000', true, false, false),
       (5, null, '2025-05-03 17:00:00.000', '2025-05-03 18:00:00.000', true, false, false),
       (5, null, '2025-05-31 17:00:00.000', '2025-05-31 18:00:00.000', true, false, false),
       (5, null, '2025-05-10 17:00:00.000', '2025-05-10 18:00:00.000', true, false, false),
       (5, null, '2025-05-17 17:00:00.000', '2025-05-17 18:00:00.000', true, false, false),
       (5, null, '2025-05-24 17:00:00.000', '2025-05-24 18:00:00.000', true, false, false),
       (5, null, '2025-06-07 17:00:00.000', '2025-06-07 18:00:00.000', true, false, false),
       (5, null, '2025-06-14 17:00:00.000', '2025-06-14 18:00:00.000', true, false, false),
       (5, null, '2025-06-21 17:00:00.000', '2025-06-21 18:00:00.000', true, false, false),
       (6, null, '2025-01-28 12:00:00.000', '2025-01-28 13:00:00.000', true, false, false),
       (6, null, '2025-02-04 12:00:00.000', '2025-02-04 13:00:00.000', true, false, false),
       (6, null, '2025-02-11 12:00:00.000', '2025-02-11 13:00:00.000', true, false, false),
       (6, null, '2025-02-18 12:00:00.000', '2025-02-18 13:00:00.000', true, false, false),
       (6, null, '2025-02-25 12:00:00.000', '2025-02-25 13:00:00.000', true, false, false),
       (6, null, '2025-03-04 12:00:00.000', '2025-03-04 13:00:00.000', true, false, false),
       (6, null, '2025-03-11 12:00:00.000', '2025-03-11 13:00:00.000', true, false, false),
       (6, null, '2025-03-18 12:00:00.000', '2025-03-18 13:00:00.000', true, false, false),
       (6, null, '2025-03-25 12:00:00.000', '2025-03-25 13:00:00.000', true, false, false),
       (6, null, '2025-04-01 12:00:00.000', '2025-04-01 13:00:00.000', true, false, false),
       (6, null, '2025-04-08 12:00:00.000', '2025-04-08 13:00:00.000', true, false, false),
       (6, null, '2025-04-15 12:00:00.000', '2025-04-15 13:00:00.000', true, false, false),
       (6, null, '2025-04-22 12:00:00.000', '2025-04-22 13:00:00.000', true, false, false),
       (6, null, '2025-04-29 12:00:00.000', '2025-04-29 13:00:00.000', true, false, false),
       (6, null, '2025-05-06 12:00:00.000', '2025-05-06 13:00:00.000', true, false, false),
       (6, null, '2025-05-13 12:00:00.000', '2025-05-13 13:00:00.000', true, false, false),
       (6, null, '2025-05-20 12:00:00.000', '2025-05-20 13:00:00.000', true, false, false),
       (6, null, '2025-05-27 12:00:00.000', '2025-05-27 13:00:00.000', true, false, false),
       (6, null, '2025-06-03 12:00:00.000', '2025-06-03 13:00:00.000', true, false, false),
       (6, null, '2025-06-10 12:00:00.000', '2025-06-10 13:00:00.000', true, false, false),
       (6, null, '2025-06-17 12:00:00.000', '2025-06-17 13:00:00.000', true, false, false),
       (6, null, '2025-06-24 12:00:00.000', '2025-06-24 13:00:00.000', true, false, false),
       (7, null, '2025-02-03 11:30:00.000', '2025-02-03 13:30:00.000', true, false, false),
       (7, null, '2025-02-10 11:30:00.000', '2025-02-10 13:30:00.000', true, false, false),
       (7, null, '2025-02-17 11:30:00.000', '2025-02-17 13:30:00.000', true, false, false),
       (7, null, '2025-02-24 11:30:00.000', '2025-02-24 13:30:00.000', true, false, false),
       (7, null, '2025-03-03 11:30:00.000', '2025-03-03 13:30:00.000', true, false, false),
       (7, null, '2025-03-10 11:30:00.000', '2025-03-10 13:30:00.000', true, false, false),
       (7, null, '2025-03-17 11:30:00.000', '2025-03-17 13:30:00.000', true, false, false),
       (7, null, '2025-03-24 11:30:00.000', '2025-03-24 13:30:00.000', true, false, false),
       (7, null, '2025-03-31 11:30:00.000', '2025-03-31 13:30:00.000', true, false, false),
       (7, null, '2025-04-07 11:30:00.000', '2025-04-07 13:30:00.000', true, false, false),
       (7, null, '2025-04-14 11:30:00.000', '2025-04-14 13:30:00.000', true, false, false),
       (7, null, '2025-04-21 11:30:00.000', '2025-04-21 13:30:00.000', true, false, false),
       (7, null, '2025-04-28 11:30:00.000', '2025-04-28 13:30:00.000', true, false, false),
       (7, null, '2025-05-05 11:30:00.000', '2025-05-05 13:30:00.000', true, false, false),
       (7, null, '2025-05-12 11:30:00.000', '2025-05-12 13:30:00.000', true, false, false),
       (7, null, '2025-05-19 11:30:00.000', '2025-05-19 13:30:00.000', true, false, false),
       (7, null, '2025-05-26 11:30:00.000', '2025-05-26 13:30:00.000', true, false, false),
       (7, null, '2025-06-02 11:30:00.000', '2025-06-02 13:30:00.000', true, false, false),
       (7, null, '2025-06-09 11:30:00.000', '2025-06-09 13:30:00.000', true, false, false),
       (7, null, '2025-06-16 11:30:00.000', '2025-06-16 13:30:00.000', true, false, false),
       (7, null, '2025-06-23 11:30:00.000', '2025-06-23 13:30:00.000', true, false, false),
       (8, null, '2025-01-30 14:00:00.000', '2025-01-30 15:00:00.000', true, false, false),
       (8, null, '2025-02-06 14:00:00.000', '2025-02-06 15:00:00.000', true, false, false),
       (8, null, '2025-02-13 14:00:00.000', '2025-02-13 15:00:00.000', true, false, false),
       (8, null, '2025-02-20 14:00:00.000', '2025-02-20 15:00:00.000', true, false, false),
       (8, null, '2025-02-27 14:00:00.000', '2025-02-27 15:00:00.000', true, false, false),
       (8, null, '2025-03-06 14:00:00.000', '2025-03-06 15:00:00.000', true, false, false),
       (8, null, '2025-03-13 14:00:00.000', '2025-03-13 15:00:00.000', true, false, false),
       (8, null, '2025-03-20 14:00:00.000', '2025-03-20 15:00:00.000', true, false, false),
       (8, null, '2025-03-27 14:00:00.000', '2025-03-27 15:00:00.000', true, false, false),
       (8, null, '2025-04-03 14:00:00.000', '2025-04-03 15:00:00.000', true, false, false),
       (8, null, '2025-04-10 14:00:00.000', '2025-04-10 15:00:00.000', true, false, false),
       (8, null, '2025-04-17 14:00:00.000', '2025-04-17 15:00:00.000', true, false, false),
       (8, null, '2025-04-24 14:00:00.000', '2025-04-24 15:00:00.000', true, false, false),
       (8, null, '2025-05-01 14:00:00.000', '2025-05-01 15:00:00.000', true, false, false),
       (8, null, '2025-05-08 14:00:00.000', '2025-05-08 15:00:00.000', true, false, false),
       (8, null, '2025-05-15 14:00:00.000', '2025-05-15 15:00:00.000', true, false, false),
       (8, null, '2025-05-22 14:00:00.000', '2025-05-22 15:00:00.000', true, false, false),
       (8, null, '2025-05-29 14:00:00.000', '2025-05-29 15:00:00.000', true, false, false),
       (8, null, '2025-06-05 14:00:00.000', '2025-06-05 15:00:00.000', true, false, false),
       (8, null, '2025-06-12 14:00:00.000', '2025-06-12 15:00:00.000', true, false, false),
       (8, null, '2025-06-19 14:00:00.000', '2025-06-19 15:00:00.000', true, false, false);

INSERT INTO attendance (class_schedule_id, student_id, is_present)
VALUES (1, 10000, true),
       (30, 10000, false),
       (2, 10000, true),
       (31, 10000, true),
       (3, 10000, false),
       (32, 10000, true),
       (4, 10000, true),
       (33, 10000, true);

--changeset Przemyslaw:5 labels:init,data
INSERT INTO user_busy_day (user_id, day_of_the_week, time_from, time_to)
VALUES (10000, 'TUESDAY', '08:00:00', '14:00:00'),
       (10000, 'WEDNESDAY', '08:00:00', '14:30:00'),
       (10000, 'THURSDAY', '10:00:00', '15:45:00'),
       (10000, 'SATURDAY', '08:00:00', '20:00:00'),
       (10000, 'SUNDAY', '08:00:00', '20:00:00'),
       (10001, 'MONDAY', '08:00:00', '13:00:00'),
       (10001, 'TUESDAY', '08:00:00', '16:00:00'),
       (10001, 'WEDNESDAY', '08:00:00', '14:30:00'),
       (10001, 'WEDNESDAY', '16:00:00', '18:00:00'),
       (10001, 'THURSDAY', '10:00:00', '15:45:00'),
       (10001, 'FRIDAY', '08:00:00', '18:00:00'),
       (10001, 'SUNDAY', '08:00:00', '20:00:00'),
       (10002, 'MONDAY', '08:00:00', '16:00:00'),
       (10002, 'TUESDAY', '08:00:00', '13:00:00'),
       (10002, 'TUESDAY', '15:00:00', '18:00:00'),
       (10002, 'WEDNESDAY', '08:00:00', '14:30:00'),
       (10002, 'THURSDAY', '10:00:00', '15:45:00'),
       (10002, 'FRIDAY', '08:00:00', '15:00:00'),
       (10002, 'SUNDAY', '08:00:00', '20:00:00'),
       (1000, 'MONDAY', '08:00:00', '12:00:00'),
       (1000, 'THURSDAY', '10:00:00', '12:45:00'),
       (1000, 'SATURDAY', '18:00:00', '20:00:00'),
       (1000, 'SUNDAY', '08:00:00', '20:00:00'),
       (1001, 'MONDAY', '12:00:00', '14:00:00'),
       (1001, 'WEDNESDAY', '12:30:00', '16:30:00'),
       (1001, 'SUNDAY', '08:00:00', '14:00:00');
